dsld_id,api_url,retrieved_on,api_sha256,snapshot_rows,api_rows,matched_amounts_agree,interpretation
10960,https://api.ods.od.nih.gov/dsld/v9/label/10960,2026-09-08,89a783d06c1785adb938c5d2deedcd7371b066d6e8546fbd73e97c06a7817bd8,1,1,True,Amount agreement only; not image or efficacy validation
12707,https://api.ods.od.nih.gov/dsld/v9/label/12707,2026-09-08,36922cf3907a03eefc04f8692c792476e96b5dc9a16efd693baac0dc8f9edf3b,1,1,True,Amount agreement only; not image or efficacy validation
12766,https://api.ods.od.nih.gov/dsld/v9/label/12766,2026-09-08,96a0614f2f93c267dbff8cfd30f6684daaeb0ade922a97f77a54715fc89050d2,1,1,True,Amount agreement only; not image or efficacy validation
12854,https://api.ods.od.nih.gov/dsld/v9/label/12854,2026-09-08,4b7c1b88d504e4dc4c6fede787ed44a60085e53d89582232cd3233bedb6202f1,1,1,True,Amount agreement only; not image or efficacy validation
1312,https://api.ods.od.nih.gov/dsld/v9/label/1312,2026-09-08,20b69e538aa56d1a5a5f5a1748345062d148feb254f70004e4d367375d9c81d2,1,1,True,Amount agreement only; not image or efficacy validation
14625,https://api.ods.od.nih.gov/dsld/v9/label/14625,2026-09-08,5cd1a9c33b44b588ef05fd7cf3f397f46664317a1ffb37e0b30ebb02842981d3,1,1,True,Amount agreement only; not image or efficacy validation
182876,https://api.ods.od.nih.gov/dsld/v9/label/182876,2026-09-08,26f176bfd1327ed4dac8d7c6cdfb0e8527d97209e2c171b3a6cddd81c4fda1d8,3,3,True,Amount agreement only; not image or efficacy validation
183678,https://api.ods.od.nih.gov/dsld/v9/label/183678,2026-09-08,6f91a1851d5386e50deab458470ebbf455eae35a756cf226ed0ba9bc1d3b9cb0,1,1,True,Amount agreement only; not image or efficacy validation
183686,https://api.ods.od.nih.gov/dsld/v9/label/183686,2026-09-08,b8bb4126b5eb0aeb1756b4cd27300d1a3aedf65b5f75bba53f27508d6d43f3e3,1,1,True,Amount agreement only; not image or efficacy validation
18777,https://api.ods.od.nih.gov/dsld/v9/label/18777,2026-09-08,b64f3e92e182a04491a974a4864a3be6ebd9fe78b1c715d075d60640f464f163,1,1,True,Amount agreement only; not image or efficacy validation
209975,https://api.ods.od.nih.gov/dsld/v9/label/209975,2026-09-08,701433c0709f057f403cc21016e4e5f8e9e53bfbe2275c2d6414cfc3fd43ec2c,3,3,True,Amount agreement only; not image or efficacy validation
211083,https://api.ods.od.nih.gov/dsld/v9/label/211083,2026-09-08,83664767340ae3e9a0fb05c295fa04132759beae3502625c63543847eb88fed8,2,2,True,Amount agreement only; not image or efficacy validation
211460,https://api.ods.od.nih.gov/dsld/v9/label/211460,2026-09-08,6758aca487b603d6ed112490218db17d62e0bc47e58dd909789240028c7dadce,2,2,True,Amount agreement only; not image or efficacy validation
211635,https://api.ods.od.nih.gov/dsld/v9/label/211635,2026-09-08,e4d6d449b50113573822b58b81f7b0e8beae71e0f9280722fc50f03791445601,1,1,True,Amount agreement only; not image or efficacy validation
21437,https://api.ods.od.nih.gov/dsld/v9/label/21437,2026-09-08,6ef8b3277fca9142d4a7a48bf7dc09cabd18e6d189fa6b75715a1006aa91ed1e,3,3,True,Amount agreement only; not image or efficacy validation
215240,https://api.ods.od.nih.gov/dsld/v9/label/215240,2026-09-08,56477a24ca202bacc0d0bcd4dd351e3f415869d0e71f4c44639e25c62e3dce02,1,1,True,Amount agreement only; not image or efficacy validation
215241,https://api.ods.od.nih.gov/dsld/v9/label/215241,2026-09-08,01fd62b4c13ea4ffb6c717f0cce74e3f85e213f9edc861c34e4137801da9b1f5,1,1,True,Amount agreement only; not image or efficacy validation
215649,https://api.ods.od.nih.gov/dsld/v9/label/215649,2026-09-08,70875d219dfa69f19b530754805b047e36a0a58d531c1f220815b4552f0a1fa9,1,1,True,Amount agreement only; not image or efficacy validation
22022,https://api.ods.od.nih.gov/dsld/v9/label/22022,2026-09-08,488e2e3bbb0e2fff5cb5d8c70b2cdc1db6d62baf81b7cb808b0ae6526bb0e160,3,3,True,Amount agreement only; not image or efficacy validation
228238,https://api.ods.od.nih.gov/dsld/v9/label/228238,2026-09-08,2a2a695a41d41ac3a7fc788a157f72631c1bf98cdc008f2ca4f94f05b4c618f2,1,1,True,Amount agreement only; not image or efficacy validation
23068,https://api.ods.od.nih.gov/dsld/v9/label/23068,2026-09-08,7d21336dba60547082c14a618eb3a26706a06f2fbb4ba1db7af60e5c5322ea92,1,1,True,Amount agreement only; not image or efficacy validation
253763,https://api.ods.od.nih.gov/dsld/v9/label/253763,2026-09-08,4fe657102b29744d867919f821fb83fcfc5fbef8d1feacf423684554dc65f76a,1,1,True,Amount agreement only; not image or efficacy validation
253769,https://api.ods.od.nih.gov/dsld/v9/label/253769,2026-09-08,62375d729635e4368ad79425b7e2e18252bbc221ffa7288376f664ac06b74367,1,1,True,Amount agreement only; not image or efficacy validation
262856,https://api.ods.od.nih.gov/dsld/v9/label/262856,2026-09-08,9bcb790e530ff519b26f2d9235a0835729b1a666854c1deafd8bf00daf40c9e1,1,1,True,Amount agreement only; not image or efficacy validation
262880,https://api.ods.od.nih.gov/dsld/v9/label/262880,2026-09-08,84577608329bda3c0589e26ee664740b62fc3500a05dbefa258aec88fc3db43c,1,1,True,Amount agreement only; not image or efficacy validation
268422,https://api.ods.od.nih.gov/dsld/v9/label/268422,2026-09-08,e7a5025a72d7a86d932a2ff91804443804d12db763a821dddd666c9ee75f54d3,3,3,True,Amount agreement only; not image or efficacy validation
2707,https://api.ods.od.nih.gov/dsld/v9/label/2707,2026-09-08,709ae1911deec311aac5cfa16194ec3710520f3f44e2038647d17739066c8b4c,1,1,True,Amount agreement only; not image or efficacy validation
272452,https://api.ods.od.nih.gov/dsld/v9/label/272452,2026-09-08,13db19f2bfb6ffa1365728c45bbababaefd7426f26382218a0aaa9039240dc2a,1,1,True,Amount agreement only; not image or efficacy validation
273606,https://api.ods.od.nih.gov/dsld/v9/label/273606,2026-09-08,f84ddd2616af440bdb1bedc69bc37147e93ff25223206c65ed048b168b4729b4,1,1,True,Amount agreement only; not image or efficacy validation
274287,https://api.ods.od.nih.gov/dsld/v9/label/274287,2026-09-08,b0423f07c1f8e48f61954d0115a9cea946389cf13388727fed7a112ead34b186,1,1,True,Amount agreement only; not image or efficacy validation
276660,https://api.ods.od.nih.gov/dsld/v9/label/276660,2026-09-08,567b42e4c42ad4b9a9c15816ef805c46b8ae16790f8889b16a663cc5fb4f9ced,1,1,True,Amount agreement only; not image or efficacy validation
282205,https://api.ods.od.nih.gov/dsld/v9/label/282205,2026-09-08,81d368160ed380a0fe6841d6375c54b33563d775baca3c3a9993c4733a0f1949,1,1,True,Amount agreement only; not image or efficacy validation
290441,https://api.ods.od.nih.gov/dsld/v9/label/290441,2026-09-08,f72dbcd23a2454bfa22e0cb773822450688d0e3fe45bc8bd829fa7eab99fc7b4,1,1,True,Amount agreement only; not image or efficacy validation
297713,https://api.ods.od.nih.gov/dsld/v9/label/297713,2026-09-08,21e857b388cd80ef3c9b63e10f34ffe3a05c79745b559263c1897639f564836a,1,1,True,Amount agreement only; not image or efficacy validation
299095,https://api.ods.od.nih.gov/dsld/v9/label/299095,2026-09-08,9429e06cfb9b763315e0c9048971c59f211074092a8e77d8011feaccf50a326d,1,1,True,Amount agreement only; not image or efficacy validation
302093,https://api.ods.od.nih.gov/dsld/v9/label/302093,2026-09-08,8e8a9bc74ea7a43e595edff6bdffe7a5854b74c501486888b8d530b20c309872,1,1,True,Amount agreement only; not image or efficacy validation
306204,https://api.ods.od.nih.gov/dsld/v9/label/306204,2026-09-08,f71452364e444b0f17ce5adaa92961221fe5a2429c7a1bba0490b5269dccd11f,1,1,True,Amount agreement only; not image or efficacy validation
315559,https://api.ods.od.nih.gov/dsld/v9/label/315559,2026-09-08,2222cb6c54dfa7dd6563c9e75b3d94a68722860eafd7d73e142e44d40df02ed4,1,1,True,Amount agreement only; not image or efficacy validation
31651,https://api.ods.od.nih.gov/dsld/v9/label/31651,2026-09-08,d0d98708b4007916b797aedcee9cd30ff16e1ebcd1dabd559771329f9a4617b8,1,1,True,Amount agreement only; not image or efficacy validation
317721,https://api.ods.od.nih.gov/dsld/v9/label/317721,2026-09-08,7617c5a1be0171ecbb40535a7e5d8cdbb47a53bbf68e858cb754cb15ea84342b,1,1,True,Amount agreement only; not image or efficacy validation
319530,https://api.ods.od.nih.gov/dsld/v9/label/319530,2026-09-08,c214e20cd8da293984a8a66200496c1a7827bd4608655ea1023caf1f2a3d44c5,1,1,True,Amount agreement only; not image or efficacy validation
326503,https://api.ods.od.nih.gov/dsld/v9/label/326503,2026-09-08,0c9de93ece55ac0e53483091fd903654ea70e4da7eba38610cd3ee1218c59953,1,1,True,Amount agreement only; not image or efficacy validation
326504,https://api.ods.od.nih.gov/dsld/v9/label/326504,2026-09-08,48b2ab4a9ee7ee59fbc29ff92e2155ef07a14adb8949d9de539460a1be3d1d5c,1,1,True,Amount agreement only; not image or efficacy validation
328409,https://api.ods.od.nih.gov/dsld/v9/label/328409,2026-09-08,98fb65aba68a7f487330ce35b1dc0ca82009588d05e39c879fd0e8d3bf2888b4,1,1,True,Amount agreement only; not image or efficacy validation
328853,https://api.ods.od.nih.gov/dsld/v9/label/328853,2026-09-08,c35f2cb1e943b4a6fc24ed3fad18c74fbb087ebadf573afe85535a0d1a927556,1,1,True,Amount agreement only; not image or efficacy validation
333418,https://api.ods.od.nih.gov/dsld/v9/label/333418,2026-09-08,1941928a555cac6a16a3ad25f8f2243640712a43a4065e95a9d32fb4fc33f9e7,1,1,True,Amount agreement only; not image or efficacy validation
337727,https://api.ods.od.nih.gov/dsld/v9/label/337727,2026-09-08,d5a55cf8372c188836b03c7e53db1eced1e3f517da64ea8b30960a1161e18ca2,2,2,True,Amount agreement only; not image or efficacy validation
35999,https://api.ods.od.nih.gov/dsld/v9/label/35999,2026-09-08,be0a499165c58deb382b0a0839ad9f2af53064e402000deba25c0a2941a45b45,1,1,True,Amount agreement only; not image or efficacy validation
551,https://api.ods.od.nih.gov/dsld/v9/label/551,2026-09-08,4d217a77fdbefe1783901e1f17c47ab239ba81e4f038755f90ef9f07338cfa3e,1,1,True,Amount agreement only; not image or efficacy validation
56107,https://api.ods.od.nih.gov/dsld/v9/label/56107,2026-09-08,71779c1457ede6299d31b3f6b637b49c092609808ea37cb4f13189204aae22ff,1,1,True,Amount agreement only; not image or efficacy validation
57461,https://api.ods.od.nih.gov/dsld/v9/label/57461,2026-09-08,91b7e841b5047eb7492ff4abc82736c81910e3c5af64e086acc1e5a0c369bcd8,1,1,True,Amount agreement only; not image or efficacy validation
57463,https://api.ods.od.nih.gov/dsld/v9/label/57463,2026-09-08,bbb3052474e731bb494b6b7de9d2b3355f0fdebbca66fbe61378c1aa960ee4ab,1,1,True,Amount agreement only; not image or efficacy validation
57466,https://api.ods.od.nih.gov/dsld/v9/label/57466,2026-09-08,40a28a96256a6cb1613b390578642601dbb7a240c5749af6383e66c5d319c734,1,1,True,Amount agreement only; not image or efficacy validation
58289,https://api.ods.od.nih.gov/dsld/v9/label/58289,2026-09-08,383ecadb8f1f0ed2a890773f8aab4ea2cfa6024fb94427fdab2826223a9f97f0,1,1,True,Amount agreement only; not image or efficacy validation
64218,https://api.ods.od.nih.gov/dsld/v9/label/64218,2026-09-08,c15400ffab7b08b9ecd200a6dae5af2dc64ffa0c5002627d58f1c6dcd3bb9453,1,1,True,Amount agreement only; not image or efficacy validation
64229,https://api.ods.od.nih.gov/dsld/v9/label/64229,2026-09-08,a0258ede9ea8d2c44f9d726d17c317e49ca1c25efec94c046ea5f33a833513b8,1,1,True,Amount agreement only; not image or efficacy validation
64731,https://api.ods.od.nih.gov/dsld/v9/label/64731,2026-09-08,c9c3b376c6cd9ecdb7150553dd95cdd6e96a6ff54f35aa665a056141609aef4c,1,1,True,Amount agreement only; not image or efficacy validation
71585,https://api.ods.od.nih.gov/dsld/v9/label/71585,2026-09-08,a7f7959d32a10ac6d96d64e2a7f8d23bdb403ad37deac6b0de4e5b0b97e58674,1,1,True,Amount agreement only; not image or efficacy validation
