ingredient,explicit_monohydrate
Creatine Monohydrate,1
Creapure 100% Ultra Pure Creatine Monohydrate,1
Creapure 100% pure Creatine Monohydrate,1
Creapure Creatine Monohydrate,1
Creapure brand Creatine Monohydrate,1
Creapure(R) 100% Ultra Pure Concentrated Creatine Monohydrate,1
L-Creatine Monohydrate,1
Micro Creatine Monohydrate,1
Micronized Creatine Monohydrate,1
Micronized Pure Creatine Monohydrate,1
micronized Creapure Creatine Monohydrate,1
HPLC Pure Creatine Monohydrate,1
PharmaFuse(TM) Creatine Monohydrate,1
PharmaPure Creatine Monohydrate,1
OT2 Creatine Monohydrate,1
Creatine Monohydrate powder,1
Creatine monohydrate powder,1
Creatine Monohydrate; Micronized,1
Creatine Monohydrate; Instantized,1
Creatine Monohydrate; Powder,1
Creatine Monohydrate; Pure,1
Creatine; Micronized,0
Creatine Mono,0
instantized & micronized Creatine Monohydrate,1
ultrapure Creatine Monohydrate,1
