dsld_id,label_url,product_name,max_grams,selected_source_rowid,unresolved_rows,suggested_use,review_status,dosage_form,serving_basis,daily_min_g,daily_max_g,reviewer,reviewed_on,notes
183678,https://dsld.od.nih.gov/label/183678,Creatine Monohydrate,2.25,927487,0,Directions: Loading Phase: Days 1-5: Take seven (7) capsules four (4) times daily with 8-12 oz. water.Maintenance Phase: Days 6 and beyond: Take three (3) to five (5) capsules daily with 8-12 oz of water.,pending,,,,,,,
183686,https://dsld.od.nih.gov/label/183686,Creatine Monohydrate,2.25,927505,0,Directions: Loading Phase: Days 1-5: Take seven (7) capsules four (4) times daily with 8-12 oz. water. Maintenance Phase: Days 6 and beyond: Take three (3) to five (5) capsules daily with 8-12 oz. of water.,pending,,,,,,,
18777,https://dsld.od.nih.gov/label/18777,Creatine Plasma Exotic Fruit,2.5,173767,0,RECOMMENDED USE: Shake well prior to use. Dispense 10mL (1 full Delivery Detonator(TM)) of CREATINE PLASMA(TM) into mouth and swallow. CREATINE PLASMA(TM) can be stacked with POWER SHOCK(R); PROTEIN RUSH(R) and MELTDOWN(R) FAT INCINERATOR(TM).,pending,,,,,,,
211635,https://dsld.od.nih.gov/label/211635,HMB+ Creatine,2.5,1060420,0,Directions: To benefit from taking CaHMB and Creatine Monohydrate you require 3g and 5g respectively per day. To achieve this take one level scoop (4g) twice a day ideally with food.,pending,,,,,,,
215240,https://dsld.od.nih.gov/label/215240,Creatine,2.25,1092832,0,Directions: As a dietary supplement; take 3 capsules two times daily; preferably before and after exercise.,pending,,,,,,,
215241,https://dsld.od.nih.gov/label/215241,Creatine,2.25,1092833,0,Directions: As a dietary supplement; take 3 capsules two times daily; preferably before and after exercise.,pending,,,,,,,
215649,https://dsld.od.nih.gov/label/215649,Creatine Monohydrate,2.5,1095098,0,Directions: As dietary supplement; take 2500 mg (1 tsp) daily; preferably before a workout or as directed by a physician. Individual needs vary greatly. Drink lots of water.,pending,,,,,,,
228238,https://dsld.od.nih.gov/label/228238,Creatine XS Unflavored,2.5,1172928,0,Directions: Take 1 serving of CREATINE XS (2.5 Grams) with 4-6 oz (120-180 mL) of cold water; juice or your favorite beverage. Use in conjunction with a proper diet and exercise regimen to maximize  results.,pending,,,,,,,
23068,https://dsld.od.nih.gov/label/23068,Creatine Monohydrate Powder,2.5,216280,0,Directions: As a dietary supplement; take 2.5 grams (1 tsp) daily; preferably before working out. Individual needs vary greatly. Drink lots of water.,pending,,,,,,,
253763,https://dsld.od.nih.gov/label/253763,Creatine Monohydrate 700 mg,2.8,1391032,0,Directions: As a dietary supplement; take 4 capsules daily; preferably before a workout or as directed by a physician. Individual needs vary greatly. Drink lots of water.,pending,,,,,,,
253769,https://dsld.od.nih.gov/label/253769,Creatine Monohydrate 700 mg,2.8,1391038,0,Directions: As a dietary supplement; take 4 capsules daily; preferably before a workout or as directed by a physician. Individual needs vary greatly. Drink lots of water.,pending,,,,,,,
262856,https://dsld.od.nih.gov/label/262856,Creatine,2.25,1464223,0,Directions: As a dietary supplement; take 3 capsules two times daily; preferably before and after exercise.,pending,,,,,,,
262880,https://dsld.od.nih.gov/label/262880,Creatine,2.25,1464374,0,Directions: As a dietary supplement; take 3 capsules two times daily; preferably before and after exercise.,pending,,,,,,,
2707,https://dsld.od.nih.gov/label/2707,Chewable Creatine Monohydrate Orange,2.5,22311,0,,pending,,,,,,,
272452,https://dsld.od.nih.gov/label/272452,Creatine,0.75,1544900,0,Directions: Adults; take 1 capsule daily; preferably with a meal; or as directed by your healthcare professional.,pending,,,,,,,
273606,https://dsld.od.nih.gov/label/273606,Creatine SAP,2.5,1557387,0,Directions for use: Adults: Take 1/2 scoop (approx. 2.5 g) daily with water / juice or as directed by your healthcare practitioner.,pending,,,,,,,
274287,https://dsld.od.nih.gov/label/274287,CreaPlex Creatine,2.25,1563539,0,Usage: Mix two scoops to 8-12 oz. of water. Experts recommend loading for best results. To load: Take 1 serving 4x a day for 5 days. To maintain: Take 30 min before workout or directly after. Drink an extra 16 oz. of water per day for every serving used.,pending,,,,,,,
276660,https://dsld.od.nih.gov/label/276660,Micronized Creatine Capsules 2.5 g,2.5,1587081,0,Directions: Take 2 capsules with a meal twice daily.Tips: Consuming carbohydrates helps with muscle retention of creatine.,pending,,,,,,,
282205,https://dsld.od.nih.gov/label/282205,Creatine Monohydrate Powder,1.0,1621252,0,DirectionsStir 1/4 of a teaspoon into a glass of water and consume 3 times daily; with meals.,pending,,,,,,,
290441,https://dsld.od.nih.gov/label/290441,Creatine Monohydrate Powder,1.0,1665224,0,DirectionsStir 1/4 of a teaspoon into a glass of water and consume 3 times daily; with meals.,pending,,,,,,,
297713,https://dsld.od.nih.gov/label/297713,Creatine Five Unflavored,2.0,1718287,0,Directions: Mix 1 scoop of Staunch Creatine Five with 8 ounces of your favorite drink. Consume daily.,pending,,,,,,,
299095,https://dsld.od.nih.gov/label/299095,Creatine,0.75,1734605,0,Directions: Adults; take 1 capsule daily; preferably with a meal; or as directed by your Healthcare Professional.,pending,,,,,,,
302093,https://dsld.od.nih.gov/label/302093,Creatine1000,1.0,1750320,0,Suggested use:As a dietary supplement; take 2 capsules with water or beverage of your choice. Consume throughout the day to reach your desired daily creatine intake goals.,pending,,,,,,,
306204,https://dsld.od.nih.gov/label/306204,Creatine 3 g Peach Mango,2.25,1785564,0,Suggested use:As a dietary supplement; mix 1 scoop daily with 6-10 oz of water or as directed by your healthcare professional.,pending,,,,,,,
315559,https://dsld.od.nih.gov/label/315559,Six Point Creatine,2.5,1844432,0,Perfect for pre or post training Suggested use: Mix 6 Point Creatine into your favorite: beverage; pre-workout; intra-workout or post-workout drinks. It's flavorless and fillerless formula make it ideal to mix into just about any drink. Due to its anabolic properties; it is recommended that 6 Point be taken and timed around your workouts. Be sure to stay hydrated while training; supplementing and living and active lifestyle.,pending,,,,,,,
31651,https://dsld.od.nih.gov/label/31651,Creatine Plasma Bubble Gum,2.5,304041,0,SHAKE WELL BEFORE EACH USE. RECOMMENDED USE: Shake well prior to use. Dispense 10mL (1 full Delivery Detonator(TM)) of CREATINE PLASMA(TM) into mouth and swallow. CREATINE PLASMA(TM) can be stacked with POWER SHOCK(R); PROTEIN RUSH(R) and MELTDOWN(R) FAT INCINERATOR(TM). Use Delivery Detanator(TM) to administer correct dose.,pending,,,,,,,
317721,https://dsld.od.nih.gov/label/317721,Creatine 500 mg,0.5,1864537,0,Suggested Use:Take one capsule daily or as directed by a physician.,pending,,,,,,,
319530,https://dsld.od.nih.gov/label/319530,Creatine Monohydrate,2.2,1881110,0,Suggested Use: Take 4 capsules twice daily with 8-10 oz of juice or other glucose-containing liquid.,pending,,,,,,,
326503,https://dsld.od.nih.gov/label/326503,Creatine Freak CF Hydration Mix Fuzzy Peach,2.5,1934187,0,Directions: As a dietary supplement; adults mix one scoop with 8-16 ounces of cold water in a shaker bottle and consume before; during or after exercise. Creatine Freak ScoopShake,pending,,,,,,,
326504,https://dsld.od.nih.gov/label/326504,Creatine Freak CF Hydration Mix Pineapple Coconut,2.5,1934194,0,Directions: As a dietary supplements; adults mix one scoop with 8-16 ounces of cold water in a shaker bottle and consume before; during or after exercise. ScoopShakeMuscle hydrate,pending,,,,,,,
328409,https://dsld.od.nih.gov/label/328409,Creatine Capsules,1.0,1954935,0,Read the entire label and follow the directions carefully prior to use.Directions: Take two (2) capsules twice daily with water or juice; or as recommended by a healthcare practitioner.,pending,,,,,,,
328853,https://dsld.od.nih.gov/label/328853,Creatine Monohydrate,2.25,1958070,0,Directions: As a dietary supplement; take three (3) capsules twice (2) daily with meals and plenty of water. On training days; take one (1) daily serving thirty (30) minutes prior to training and take the second serving thirty (30) minutes post-training with carbohydrates.,pending,,,,,,,
333418,https://dsld.od.nih.gov/label/333418,Liposomal Creatine,2.5,1985337,0,Suggested use: Adults take 3 capsules twice a day; or as recommended by your healthcare practitioner; with 8 ounces of water or your favorite beverage. May be taken with or without food.,pending,,,,,,,
337727,https://dsld.od.nih.gov/label/337727,100% Pure Creatine Monohydrate Capsules,0.0064,2014105,0,Recommended dosage: Take 4 capsules with plenty of liquid (300 ml); preferably before and after an intensive workout. On non-training days take 4 capsules with plenty of liquid (300 ml) first thing in the morning and again before bed time. Advice: To achieve a positive effect 3 g of creatine should be consumed per day. Once opened; use up quickly.,pending,,,,,,,
35999,https://dsld.od.nih.gov/label/35999,Ribose Energy With Creatine,2.5,345681,0,SUGGESTED USAGE: As a dietary supplement; mix 2 1/2 level teaspoons in juice or water 2 to 3 times daily; preferably before and after exercise. Do not exceed recommended dodage. Consider taking these other NOW(R) products:  Pyruvate and Carbo Gain.,pending,,,,,,,
56107,https://dsld.od.nih.gov/label/56107,Creatine Monohydrate,0.75,548386,0,Suggested Usage: As a dietary supplement; adults take 1/4 teaspoon daily or as directed by your healthcare professional.,pending,,,,,,,
57461,https://dsld.od.nih.gov/label/57461,Creatine 2500 Caps,2.5,560717,0,SUGGESTED USE: Take 2 capsules with morning; afternoon; and evening meals. Intended for use in healthy adults and as a part of a healthy; balanced diet and exercise program.,pending,,,,,,,
57463,https://dsld.od.nih.gov/label/57463,Creatine 2500 Caps,2.5,560722,0,SUGGESTED USE: Take 2 capsules with morning; afternoon; and evening meals. Intended for use in healthy adults and as part of a healthy; balanced diet and exercise program. TIPS: Consuming carbohydrates helps with muscle retention of creatine.,pending,,,,,,,
57466,https://dsld.od.nih.gov/label/57466,Creatine 2500 Caps,2.5,560760,0,SUGGESTED USE: Take 2 capsules with morning; afternoon; and evening meals. Intended for use in healthy adults and as part of a healthy; balanced diet and exercise program. TIPS: Consuming carbohydrates helps with muscle retention of creatine.,pending,,,,,,,
58289,https://dsld.od.nih.gov/label/58289,Clean Creatine Fruit Punch,2.5,568191,0,,pending,,,,,,,
64218,https://dsld.od.nih.gov/label/64218,Creatine Capsules,1.5,616950,0,Dosage: As a dietary supplement during normal training schedules; take 2-3 capsules twice daily. When preparing for competition or under intense training schedules; take 2-3 capsules three times daily. For best results take capsules with meals.,pending,,,,,,,
64229,https://dsld.od.nih.gov/label/64229,Creatine Capsules,1.5,617057,0,Dosage: As a dietary supplement during normal training schedules; take 2-3 capsules twice daily. When preparing for competition or under intense training schedules; take 2-3 capsules three times daily. For best results take capsules with meals.,pending,,,,,,,
64731,https://dsld.od.nih.gov/label/64731,100% Pure Creatine Monohydrate,2.25,624346,0,Directions: Loading Phase: Take seven (7) capsules four (4) times daily with 8-12 oz water. Maintenance Phase: Days 6 and beyond: Take three (3) to five (5) capsules daily with 8-12 oz of water.,pending,,,,,,,
71585,https://dsld.od.nih.gov/label/71585,Creatine Monohydrate 2800 mg,2.8,701197,0,Suggested Use: As a dietary supplement; take one serving (4 capsules) 15-30 minutes before exercise. Taken up to twice daily; once as a pre-workout and/or again as a post-workout. For best results; follow a diet and exercise program to maximize your potential. Drinking an additional 16 to 32 ounces of water when using creatine is recommended. Morning Pre During Post Night,pending,,,,,,,
