ingredient,rows
2CM Dicreatine Malate,3
3 in 1 Creatine Complex,4
A-AKG Creatine Matrix,1
ATP Optimizing Creatine Module,4
ATP POWERFUL CREATINE & ENERGY BLEND,1
Advanced Creatine Complex,31
Advanced Creatine Matrix,3
Advanced Creatine Ratio,8
Albion Creatine MagnaPower,1
Arco-Lase Pancreatin,2
Arginine Creatine Peptide,1
BEST CREATINE(TM) BLEND,3
Behemoth Creatine Power Plexx Blend,1
Best Creatine Blend,5
Best Creatine Blend (Proprietary) (Non-nutrient/Non-botanical),7
Bovine Pancreatin,1
CON-CRET Creatine HCl,17
CONCENTRATED CREATINE,1
CP (Creatine Precursor) Mass,9
CREATINE CONQR(TM) Formula,2
CREATINE FUSION,3
CREATINE SERUM,8
CREATINE SYNERGISTIC BLEND,1
Concentrated Creatine,1
Concentrated Pancreatin,2
Crea-Crete(TM) Creatine HCl,4
CreaClear Microencapsulated Creatine Monohydrate,3
CreaHydrin Super Anabolic Creatine Complex,1
CreaPhos(TM) Creatine Phosphate,1
CreaPure Creatine Monohydrate,56
CreaSurge Creatine Complex,1
Creaquad Creatine Blend,1
Creatin Monohydrate,2
Creatina Micronizada,1
Creatinated Energetic Substrate Component,1
Creatine,439
Creatine AAB,8
Creatine ABB,1
Creatine AKG,36
Creatine ATP Uptake Support Mix,1
Creatine ATP Xtreme Blend,1
Creatine Absorption Complex,2
Creatine Accelerate Blend,1
Creatine Agent,2
Creatine Alpha Amino-Butyrate 2:1,1
Creatine Alpha Ketoglutarate,17
Creatine Alpha-Amino-N-Butyrate,1
Creatine Alpha-Ketoglutarate,18
Creatine Alpha-ketoglutarate,1
Creatine Amplifier Blend,2
Creatine Amplifier Blend (Combination),3
Creatine Anhydrous,104
Creatine BioCRE Matrix,24
Creatine BioDelivery Matrix,1
Creatine Blend,53
Creatine Cell Volumizing Complex,6
Creatine Chelate Complex,2
Creatine Citrate,73
Creatine Complex,26
Creatine Cx3(TM) Blend,4
Creatine Decanate,1
Creatine Decanoate,6
Creatine Deconoate,1
Creatine Disodium Phosphate,1
Creatine Ester HCl,1
Creatine Ester Phosphate,4
Creatine Ester Phosphate Sodium,7
Creatine Ethyl Ester,55
Creatine Ethyl Ester Di-Chloride,2
Creatine Ethyl Ester Dichloride,2
Creatine Ethyl Ester HCl,66
Creatine Ethyl Ester Hydrochloride,19
Creatine Ethyl Ester Hydrochloride and Beta Alanine Dual Action Composite,2
Creatine Ethyl Ester Malate,4
Creatine Ethyl Ester Orotate,6
Creatine Ethyl Ester-Beta Alanine Composite,1
Creatine Ethyl Ester-Beta Alanine Dual Action Composite,1
Creatine Ethyl Ester-Beta-Alanine Composite,2
Creatine Ethyl Ester-Beta-Alanine Dual Action Composite,2
Creatine Ethyl-Ester,1
Creatine Five Complex,1
Creatine Fusion,3
Creatine Generation Mix,2
Creatine Gluconate,59
Creatine Glutamine Peptide,4
Creatine Glycerol Phosphate,5
Creatine HCl,413
Creatine HMB,1
Creatine Hydrochloride,225
Creatine Hydrochloride (HCl),15
Creatine Isoleucine Peptide,3
Creatine Leucine Peptide,3
Creatine Magna Power,18
Creatine Magna Power Magnesium Creatine Chelate,4
Creatine Magna Power(R),2
Creatine MagnaPOWER,4
Creatine MagnaPower,243
Creatine MagnaPower Creatine Magnesium Chelate,1
Creatine MagnaPower Magnesium Creatine Chelate,20
Creatine Magnapower,14
Creatine Magnesium,3
Creatine Magnesium Chelate,32
Creatine Malate,8
Creatine Master Blend,1
Creatine Matrix,6
Creatine Matrix Blend,11
Creatine Menohydrate,1
Creatine Methyl Ester HCl,1
Creatine Monohydrate & Creatine MagnaPOWER,5
Creatine Monohydrate & Creatine MagnaPower,1
Creatine Monohydrate HCL,1
Creatine Monohydrate Micronized,2
Creatine Monohydrate Micronized powder:,3
Creatine NO2 Mass Matrix,2
Creatine Nitrate,276
Creatine Optimizers,6
Creatine Ornate Ethyl Ester,6
Creatine Orotate,4
Creatine Peptide,1
Creatine Peptides,21
Creatine Performance Blend,4
Creatine Phosphate,36
Creatine Phosphate Complex,2
Creatine Power Blend,3
Creatine Precursor Amino Blend,4
Creatine Precursor Blend,24
Creatine Precursor Compound,6
Creatine Precursor Peptide,2
Creatine Precursors,4
Creatine Proprietary Blend,1
Creatine Pump Complex,1
Creatine Pyrinox,1
Creatine Pyruvate,84
Creatine RT Complex,1
Creatine Recelerator Blend,1
Creatine Serum,2
Creatine Sodium Phosphate,2
Creatine Sodium Phosphate Matrix,2
Creatine Strength Complex,3
Creatine Strength Matrix,1
Creatine Synthesis Amino Matrix,5
Creatine Taurinate,9
Creatine Valine Peptide,3
Creatine decanoate,1
Creatine ethyl ester HCL,1
Creatine {Alpha}-Ketoglutarate,1
Creatine-Alpha-Aminobutyric Acid Matrix,9
Creatine-Alpha-Ketoglutarate,2
Creatine-Glycerol-Phosphate Blend,7
Creatine-Glycerol-Phosphate Complex,5
Creatine-Magnesium Chelate,1
Creatine-O-Phosphate,1
Creatine-Pyruvate,1
Creatine-Sodium Phophate Matrix,2
Creatine-Sodium Phosphate Matrix,7
CreatineX3 Blend,4
Creatinol O Phosphate,16
Creatinol O-Phosphate,12
Creatinol-O-Phosphate,78
Creatinol-O-Phosphate and Malic Acid Interfusion,2
Creatinol-O-Phosphate-Malic Acid Interfusion,11
Creature Advanced Creatine Matrix,1
Creature(R) Advanced Creatine Matrix,2
CycloCreatine PCr,1
CytoCrea(TM) Buffered water stable creatine & GCC precursor matrix,1
Deca-Creatine Blend,1
Di Creatine Malate,1
Di-Creatine,1
Di-Creatine Malate,59
Di-Creatine-Malic Acid Interfusion,9
Di-Na Creatine Phosphate Tetrahydrate,8
Di-Sodium Creatine Phosphate,4
DiCreatine Malate,7
DiCreatine Malate(TM),1
Dicreatine Citrate,3
Dicreatine Malate,56
Dicreatine Malate Complex,1
Disodium Creatine Phosphate,25
Disodium Creatine Phosphate Tetrahydrate,7
Dynasty Triple Creatine Complex,4
Foundational Creatine Matrix,7
Foundational Creatine Matrix With Creapure & Creatine MagnaPower,1
Full Strength Pancreatin,12
Full Yield Creatine,3
Fungal Pancreatin,5
Glucose bound Creatine Gluconate,3
Green Creatine Matrix,3
HPLC Verified Creatine HCl,1
Highly Concentrated Pancreatin,1
HyperPur Creatine Complex,1
Kre-Alkalyn Buffered Creatine Monohydrate,2
Kre-Alkalyn buffered Creatine Monohydrate,6
Kre-Alkalyn pH Correct Creatine,1
Kre-Alkalyn pH stable Creatine,1
Kre-Alkalyn pH-Correct Creatine,1
Kre-Alkalyn(R) Buffered Creatine,1
Kre-Alkalyn(R) pH Correct Creatine,2
Kreafusion Creatine Blend,1
L-Creatine,1
M5 Reloaded(TM) Creatine Matrix,2
Magna Power(R) Magnesium Creatine Chelate,2
MagnaPower Magnesium Creatine Chelate,16
MagnaPower(R) Creatine,6
Magnesium Creatine,3
Magnesium Creatine Chelate,154
Magnesium Creatine Cheleate,1
Magnesium Creatine-Chelate,2
Magnesium creatine,1
Mass Building Creatine Complex,2
Mg2+ -Creatine Chelate,2
Mg2+-Creatine Chelate,3
Micro-Peptide Creatine Complex,2
Microbial Pancreatin,4
Micronized Creatine,5
Micronized Creatine Matrix Blend,8
Micronized Creatine Precursors,2
ModernCREATINE Blend {Metabolite; constituent; extract; isolate; or combination of these},6
Monster Creatine,1
Muscle Building Creatine,1
Muscle Building Creatine Blend,8
Muscle Building Creatine Proprietary Blend,2
Muscle Volumizing Creatine Matrix,7
Muscle|Strength|Power Creatine Complex,1
MyoVOL-ATP Advanced Multi-Phase Creatine Transport and Muscle Cell Volumizing Matrix,2
MyoVOL-ATP(TM): Advanced Multi-Phase Creatine Transport and Muscle Cell Volumizing Matrix:,3
N (Omega)-Phosphocreatine,1
N Omega-Phosphocreatine,1
Non-Bloating CREATINE Blend,1
OT2 Creatine,1
OT2(TM) Creatine,5
PANCREATIN,1
PEG-Creatine System,20
PROPRIETARY CREATINE BLEND,1
Pancreatin,619
Pancreatin (3X),5
Pancreatin (4X),6
Pancreatin (4X) USP,1
Pancreatin (4x) USP,3
Pancreatin (8X),5
Pancreatin (8x),2
Pancreatin 10X,19
Pancreatin 10X:,25
Pancreatin 11X,3
Pancreatin 11X:,3
Pancreatin 3X,2
Pancreatin 4:1 extract,2
Pancreatin 4X,64
Pancreatin 4x,23
Pancreatin 4x USP powder,4
Pancreatin 56;000 USP units protease,2
Pancreatin 5X,7
Pancreatin 5x,5
Pancreatin 6:1 Extract,1
Pancreatin 6X,4
Pancreatin 6x,2
Pancreatin 8X,48
Pancreatin 8X USP,2
Pancreatin 8x,15
Pancreatin Alternative 8x Blend,2
Pancreatin Alternative Blend 10x,2
Pancreatin Concentrate,7
Pancreatin Concentrate 4x,15
Pancreatin Concentrate; Pan Dried; Pure,1
Pancreatin Enzyme,1
Pancreatin Enzyme Blend,2
Pancreatin Equivalent,3
Pancreatin Extract 3X,1
Pancreatin Extract 4:1,1
Pancreatin NF,3
Pancreatin NF 10x,1
Pancreatin NF10X,7
Pancreatin U.S.P.,1
Pancreatin USP,8
Pancreatin USP 4X,2
Pancreatine Enzyme,2
Patented Creatine HCl,29
PepForm Creatine Peptides,2
Phosphocreatine,1
Porcine Pancreatin,3
Power 5 Creatine Blend,4
Power-AMP Cre3 Creatine Complex,2
Power-AMP Cre3-Beta-A Creatine Complex,4
Primal Creatine Surge Matrix,1
Proprietary Anabolic Creatine Blend,1
Proprietary Creatine Matrix,2
Pure pancreatin,2
Quik-Creat(TM) Creatine HCl,3
RNA/DNA Pancreatin Tissue Factors,1
Sodium Creatine Phosphate Matrix,4
Strength & Endurance Creatine Matrix,5
Tri Creatine Malate,1
Tri-Creatine Cirate,1
Tri-Creatine Citrate,1
Tri-Creatine Complex,4
Tri-Creatine Malate,12
TriCreatine Citrate,2
Tricreatine Malate,8
Tricreatine Matrix,10
Triple Creatine Matrix,2
UMS Creatine Amplifier Blend,9
Ultimate Creatine Anaboliser,1
Vegetal Analog of Pancreatin,22
Vegetarian Pancreatin,3
Vegetarian Pancreatin Alternative,5
Vegetarian Pancreatin Analog,1
as Magnesium Creatine Chelate,1
buffered Creatine,6
concentrated Creatine,2
creatine gluconate,1
free-acid Creatine,7
from 700 mg of pancreatin U.S.P. X,1
highly active Pancreatin,1
micronized Creatine,37
micronized Creatine Hydrochloride,2
micronized Creatine Monohydrate,121
n-zimes PA (Pancreatin Alternative) Plus,2
pH buffered Creatine Alkaline,15
pancreatin,1
patented Dicreatine Malate,1
vegetal analog of Pancreatin 4X,1
